Full name,street address,city,state,zip code
Salim Arniz,7861 Corscot Point,Gainesville,Florida,32627
Tabbie Hairyes,51876 Crownhardt Lane,Pasadena,California,91103
Beatrice Marcos,774 Barby Terrace,Lynchburg,Virginia,24515
Lotty Sifflett,2954 Burning Wood Court,Des Moines,Iowa,50330
Marcello Exon,95522 Sheridan Terrace,Greenville,South Carolina,29615
Holli Oakeby,32875 Jenifer Alley,Jefferson City,Missouri,65105
Laurie Bandt,41 Jana Point,Midland,Texas,79710
Ulick McGragh,7 Southridge Circle,Frankfort,Kentucky,40618
Teodora Gayton,011 Shoshone Point,Memphis,Tennessee,38109
Beatrice Ferreira,8222 Dapin Trail,Scottsdale,Arizona,85255
Cherice Ledgister,037 Sommers Trail,Denver,Colorado,80209
Goddard Sterke,63 Ridgeview Trail,Monroe,Louisiana,71213
Derick Labrom,46 Memorial Crossing,Tuscaloosa,Alabama,35405
Inez Curtis,51565 David Terrace,Dallas,Texas,75265
Aundrea Twomey,112 Shelley Court,Bradenton,Florida,34210
Etheline Geldeard,18014 Hanover Plaza,Tulsa,Oklahoma,74116
Bondy Rysom,0 Lakewood Parkway,Shawnee Mission,Kansas,66215
Dennet Bispham,9 Oak Lane,Charlotte,North Carolina,28289
Thain Tregido,45 Randy Lane,Muskegon,Michigan,49444
Coriss Longmaid,1 Karstens Lane,Fort Wayne,Indiana,46825
Ivar Cazalet,0 Reinke Court,Salem,Oregon,97312
Kennedy Hanne,121 Debra Trail,Peoria,Illinois,61640
Joella Breckell,2907 Mcbride Way,Toledo,Ohio,43615
Pren Dorbin,673 Cherokee Plaza,San Antonio,Texas,78255
Levin Bonar,3864 Service Alley,Inglewood,California,90310
Brigg Wheeler,968 Sunfield Point,Fairbanks,Alaska,99709
Didi Windaybank,7 Acker Point,Pittsburgh,Pennsylvania,15250
Torry Barney,5 Grim Hill,South Bend,Indiana,46620
Judi Burberow,27725 School Hill,Saint Louis,Missouri,63136
Karalynn Muldrew,0062 Granby Crossing,Charlotte,North Carolina,28272
Halli Molder,46189 Beilfuss Court,Topeka,Kansas,66617
Lula Allanby,230 Hooker Trail,Trenton,New Jersey,8695
Sarine Iskov,6 Longview Road,Indianapolis,Indiana,46239
Kaitlynn Haughey,89 Elgar Street,Honolulu,Hawaii,96840
Dolf Vischi,28 Troy Alley,Chicago,Illinois,60609
Camille Cradick,81824 Claremont Pass,Inglewood,California,90398
Verna Rheam,874 Fairview Lane,Durham,North Carolina,27705
Lenci Seston,3 Fallview Point,Saginaw,Michigan,48609
Leland Tilly,978 Vera Road,Washington,District of Columbia,20530
Flss Winfindine,874 Valley Edge Drive,Anchorage,Alaska,99522
Ardelle Robshaw,050 David Crossing,Washington,District of Columbia,20409
Essy Goundry,8520 Almo Center,Los Angeles,California,90030
Wilhelmina Spafford,51 Pankratz Court,Albuquerque,New Mexico,87140
Bibby Flaverty,03949 Mcbride Alley,Charlottesville,Virginia,22903
Bertina Biggam,01083 Claremont Terrace,Miami,Florida,33175
Jourdan Bromidge,8 Mendota Alley,Corpus Christi,Texas,78405
Katerina Orrick,1 Pankratz Place,Savannah,Georgia,31410
Niko Bloxsome,970 Clove Terrace,Miami,Florida,33153
Lemmie Spelling,7 Coleman Road,Arlington,Texas,76004
Daffy Penny,60 Clyde Gallagher Drive,Lincoln,Nebraska,68583
Avictor Kaley,00924 Welch Road,Portland,Oregon,97216
Forrester Caw,2283 Riverside Junction,Athens,Georgia,30605
Layney Rivers,7 Arizona Court,Salt Lake City,Utah,84140
Hayyim Hurles,18 Sachs Road,Denver,Colorado,80228
Barbee Bedow,2544 Shasta Place,Oklahoma City,Oklahoma,73197
Olag Vandrill,54248 Ruskin Avenue,Winston Salem,North Carolina,27157
Jilleen Clurow,5 Holmberg Park,Corona,California,92883
Garnette Welton,67 Mallory Park,Springfield,Illinois,62723
Natalie Sagg,0231 Hoffman Junction,Minneapolis,Minnesota,55423
Ryan Earey,815 Burning Wood Avenue,Austin,Texas,78737
Harman Targett,09870 Canary Hill,Elizabeth,New Jersey,7208
Oralla Donati,255 Anniversary Way,San Jose,California,95160
Shandee Quest,3044 Debra Trail,El Paso,Texas,79911
Margery Gwyer,9723 Macpherson Pass,Camden,New Jersey,8104
Ernesta Kenshole,967 Fair Oaks Plaza,Lincoln,Nebraska,68517
Halley Crockatt,9289 Nobel Terrace,San Jose,California,95113
Gerhardine Glenn,406 Charing Cross Place,Austin,Texas,78778
Muffin Skipsey,00177 Becker Crossing,San Antonio,Texas,78278
Walden Cicchitello,0 Westridge Junction,Jefferson City,Missouri,65105
Seline Rosenvasser,92 Summer Ridge Junction,Punta Gorda,Florida,33982
Julieta O'Fihillie,5933 Wayridge Center,Honolulu,Hawaii,96815
Zorana Keigher,5 Moland Plaza,Chesapeake,Virginia,23324
Cathi Cowland,44282 Loomis Trail,Flint,Michigan,48505
Alvinia Viegas,82 Prairie Rose Alley,Chicago,Illinois,60686
Jeanie Houseley,6975 Lillian Terrace,Florence,South Carolina,29505
Jason Kruschov,74917 Caliangt Circle,Memphis,Tennessee,38131
Dominique Casolla,485 Wayridge Court,San Francisco,California,94159
Bel Twentyman,62 Merchant Place,Lincoln,Nebraska,68583
Enrichetta Ekless,7284 Pankratz Alley,Salem,Oregon,97312
Maddalena O' Donohoe,6 Morrow Plaza,Bridgeport,Connecticut,6673
Lorant Thorius,1344 Donald Circle,Washington,District of Columbia,20520
Stesha Roubay,8 Londonderry Crossing,Detroit,Michigan,48267
Sylvan Gallardo,6 Sachs Street,Chicago,Illinois,60646
Dieter Shills,72 Express Place,Akron,Ohio,44315
Mozes Hamby,1575 Coolidge Alley,Richmond,Virginia,23260
Tansy Blabie,96710 Dunning Terrace,Lansing,Michigan,48912
Kare Lewer,3 Pierstorff Street,Bradenton,Florida,34210
Laurie Galton,47 Manley Alley,Los Angeles,California,90030
Jamal Ketton,4685 Fordem Point,Charlottesville,Virginia,22903
Oralle Pryde,5870 Saint Paul Park,Long Beach,California,90847
Suzi Woffenden,5509 Coolidge Place,Henderson,Nevada,89074
Meyer Hirsthouse,015 Talisman Junction,Arlington,Texas,76004
Austen Leonida,6 Del Mar Drive,Raleigh,North Carolina,27615
Hugibert Parham,142 Toban Plaza,Naperville,Illinois,60567
Janos Burford,154 Novick Parkway,Tacoma,Washington,98405
Kiele Loding,991 Johnson Court,Hayward,California,94544
Farrell Markie,4648 Cambridge Drive,Hialeah,Florida,33013
Hedwiga Farrent,84293 Scoville Avenue,El Paso,Texas,79999
Netti Dilleston,2 Kennedy Point,Newark,New Jersey,7188
Elmo Evequot,30494 Lindbergh Lane,Oklahoma City,Oklahoma,73109
Thane Ketton,35 Spaight Center,Miami,Florida,33158
Doe Bendson,1349 Gateway Plaza,Hartford,Connecticut,6183
Othilie Lockhart,6695 Northland Place,Decatur,Georgia,30033
Ketty Arlow,3 Forster Place,Long Beach,California,90805
Kitty Holbury,19342 Anhalt Terrace,Elizabeth,New Jersey,7208
Tommy Bloodworth,0429 Loeprich Way,Santa Monica,California,90410
Lynn Goult,123 Corry Court,North Las Vegas,Nevada,89087
Byram Carmody,448 Manley Road,Riverside,California,92513
Rafferty Norquoy,517 Ridge Oak Point,Oklahoma City,Oklahoma,73147
Dominga O'Lennane,92 Westend Place,Provo,Utah,84605
Berkie Giaomozzo,61108 Miller Street,Palo Alto,California,94302
Terrill Corkel,536 Waywood Center,Baton Rouge,Louisiana,70836
Kirbee Yashunin,70709 Summit Pass,Alexandria,Virginia,22333
Laird Flecknell,7759 Scoville Circle,Miami,Florida,33147
Pennie Eteen,57425 Quincy Street,Jacksonville,Florida,32277
Stuart Derges,92 Haas Park,Tucson,Arizona,85720
Lurlene Redmond,277 Hoard Court,Berkeley,California,94705
Major Cuttelar,55 Sauthoff Drive,Denver,Colorado,80262
Rogers Boswood,894 Kropf Center,Laurel,Maryland,20709
Morse Gripton,7 Superior Alley,Miami Beach,Florida,33141
Madelena Boocock,97981 Rusk Place,Wichita,Kansas,67260
Phyllida Lygoe,18583 Becker Alley,Fort Worth,Texas,76129
Kathlin Agnolo,37512 Columbus Trail,Athens,Georgia,30610
Clemmie Clee,72 Dixon Drive,Seattle,Washington,98140
Bent Proppers,473 Reinke Pass,Ocala,Florida,34479
Chucho Bartolommeo,0 Butternut Hill,Columbus,Ohio,43215
Omero Kynett,9667 Packers Street,Tulsa,Oklahoma,74170
Mal Govern,097 Leroy Way,Fort Lauderdale,Florida,33305
Carolyne Tigwell,953 Sunbrook Pass,West Palm Beach,Florida,33405
Kyle Hallwood,1106 Steensland Court,Erie,Pennsylvania,16505
Byrann Causby,53573 Leroy Plaza,Seattle,Washington,98175
Adelind Dowyer,6649 Fordem Drive,Houston,Texas,77223
Valle Fishburn,103 Troy Point,Dallas,Texas,75241
Cacilia Ipsly,07 Hooker Park,Indianapolis,Indiana,46231
Hettie Hallock,82 Reindahl Drive,Orange,California,92668
Kev Eversley,23 Cambridge Junction,Huntsville,Alabama,35815
Cecil Duckering,74724 Rutledge Parkway,Memphis,Tennessee,38143
Barnard Hakey,06780 Kingsford Road,Warren,Ohio,44485
Garrard Apps,8953 Laurel Alley,Durham,North Carolina,27705
Broddie Penvarden,387 Sheridan Circle,Carson City,Nevada,89706
Koralle Wisbey,84 Shelley Alley,Anchorage,Alaska,99512
Conni Kupis,927 Stang Point,Mesa,Arizona,85215
Hube Slingsby,07 Anzinger Plaza,Washington,District of Columbia,20404
Bartlett Menure,10 Killdeer Way,Denver,Colorado,80223
Bob Piff,6928 Scott Center,Denver,Colorado,80209
Kali Roseaman,7 Blackbird Drive,Amarillo,Texas,79159
Stacey Tunnoch,5873 Montana Trail,Aurora,Colorado,80045
Bathsheba Wallhead,47653 Towne Crossing,Saint Petersburg,Florida,33715
Donnie Kenningley,2049 Springview Avenue,San Jose,California,95128
Janelle Davydkov,6 Bobwhite Alley,Charleston,West Virginia,25331
Ciro Hackly,155 Bobwhite Place,Albuquerque,New Mexico,87115
Lisbeth Greaterex,7688 Lyons Trail,Duluth,Georgia,30096
Cara Orman,85 Northfield Pass,Sacramento,California,94297
Ned Fakeley,7 Caliangt Court,Denver,Colorado,80228
Saxon Ogbourne,9 Gale Lane,Des Moines,Iowa,50310
Rhona Kellett,55 Division Court,San Francisco,California,94121
Caryl Oxx,211 David Way,Phoenix,Arizona,85083
Fidole Weldrick,733 Shasta Drive,Chicago,Illinois,60669
Alena Higginbottam,59 Lake View Place,Johnstown,Pennsylvania,15906
Gaven Peppard,286 Towne Hill,Nashville,Tennessee,37205
Holmes Gregson,3543 Briar Crest Trail,Springfield,Illinois,62764
Halsy Halsho,3553 Harbort Pass,Las Vegas,Nevada,89145
Gill Mahoney,87 Dunning Pass,Louisville,Kentucky,40250
Matthaeus Shambrook,46360 Fordem Parkway,Las Vegas,Nevada,89125
Riley Guiot,49584 Maywood Drive,El Paso,Texas,79994
Nikki Leavesley,89825 Melby Avenue,Roanoke,Virginia,24048
Tedmund Husband,625 Monument Parkway,Waco,Texas,76705
Devan Delacroux,1 Lien Alley,Henderson,Nevada,89074
Haley Hitcham,2477 Trailsway Lane,Trenton,New Jersey,8695
Alfi Frammingham,188 Butterfield Way,Phoenix,Arizona,85020
Tiphanie Bellchamber,72805 Manley Crossing,Birmingham,Alabama,35290
Maddy Erskine,8 Anthes Point,Houston,Texas,77299
Nelly Eleshenar,744 2nd Court,Duluth,Georgia,30096
Sandra Dehmel,742 Novick Court,Fayetteville,North Carolina,28305
Cassandra Chaytor,07 Talisman Crossing,Austin,Texas,78737
Bettina Stilgoe,5052 Rigney Park,Las Vegas,Nevada,89145
Lynnet Thairs,64062 Sachs Road,New York City,New York,10150
Harriot O'Dyvoie,3 Corben Pass,El Paso,Texas,79905
Lottie Druhan,38 Monica Junction,Las Vegas,Nevada,89115
Gayle Vance,5 Nelson Point,Des Moines,Iowa,50981
Linette Birtonshaw,78 Dennis Hill,Brockton,Massachusetts,2405
Bale Roylance,71775 Tennyson Way,Tampa,Florida,33610
Donelle Leet,23057 Fremont Court,Mobile,Alabama,36689
Axe Lowrie,214 Sycamore Place,Rochester,Minnesota,55905
Avrom Dinis,5130 Northwestern Street,Saint Paul,Minnesota,55108
Danie Vlasenkov,9112 Porter Court,Ocala,Florida,34479
Welsh Collecott,8518 Lakewood Gardens Place,Denver,Colorado,80262
Rickey Kroch,992 Summerview Crossing,San Antonio,Texas,78291
Tiffie Vallance,55 Lakewood Trail,Newark,New Jersey,7112
Christos McPhelim,9662 Melrose Street,Austin,Texas,78732
Madonna Yersin,5492 Meadow Valley Trail,Philadelphia,Pennsylvania,19184
Catlaina Klesl,8691 Loftsgordon Street,Minneapolis,Minnesota,55436
Stacee Brogden,61 Dryden Place,Salt Lake City,Utah,84130
Margarette Macbane,2 Florence Place,Olympia,Washington,98506
Korney O'Hingerty,90192 Utah Drive,Syracuse,New York,13210
Maureene Woodgate,39 Florence Pass,Dallas,Texas,75231
Ashlan McNeice,82 Jenifer Plaza,Fresno,California,93750
Dulsea Fancourt,3330 Glacier Hill Alley,Pittsburgh,Pennsylvania,15215
Darb Radoux,2 Kennedy Alley,Charleston,South Carolina,29416
Alejandrina Barday,1 Independence Alley,Houston,Texas,77266
Mariele Botwright,28094 Westend Junction,Manchester,New Hampshire,3105
Kirsten Gohier,9 Loomis Point,Las Vegas,Nevada,89166
Lorette Karolczyk,7664 Mccormick Place,Pittsburgh,Pennsylvania,15255
Nike O' Bee,871 Shelley Street,Charlotte,North Carolina,28215
Sioux Lennard,8293 Marcy Point,Tacoma,Washington,98405
Jeanelle Samber,8 Schiller Point,Wilmington,Delaware,19810
Kenneth Wesgate,268 Artisan Place,Waterbury,Connecticut,6705
Roch Scullion,87029 Lillian Avenue,Glendale,Arizona,85311
Ettie Gaveltone,6770 Springview Terrace,Denver,Colorado,80243
Lucinda Eloi,20812 Bluestem Pass,Lexington,Kentucky,40546
Madalyn Matelaitis,94 Mcguire Pass,Columbia,South Carolina,29215
Ramona Evans,5 Towne Hill,Great Neck,New York,11024
Gregorius Jendas,96829 Menomonie Pass,Columbia,South Carolina,29225
Gannon Hayer,7 Bashford Court,Charleston,West Virginia,25321
Tani Drivers,091 Fair Oaks Circle,Pasadena,California,91199
Marcelle Dunleavy,31507 David Road,Fort Myers,Florida,33913
Linnie Orbell,796 Michigan Road,Omaha,Nebraska,68179
Filippo Le Fevre,0255 Parkside Place,Naples,Florida,34108
Carla Reuben,33 Dahle Park,Tulsa,Oklahoma,74156
Jody Spier,84 Veith Plaza,Humble,Texas,77346
Karlan McCulloch,8472 Shasta Street,Hartford,Connecticut,6152
Ches Fazackerley,77247 Crownhardt Point,Fairfield,Connecticut,6825
Dorolice Laba,149 Butternut Trail,Nashville,Tennessee,37245
Adey Elph,06 Cascade Circle,Miami,Florida,33233
Ginger Hatchard,8331 Gerald Crossing,El Paso,Texas,79994
Shandy Escale,55243 Anthes Trail,Sacramento,California,94273
Thorin Drinkhill,81 Schiller Junction,Petaluma,California,94975
Mayor Bulteel,08 Tennessee Circle,Orlando,Florida,32819
Eli Ferrolli,7 Elmside Center,Cape Coral,Florida,33915
Brendan Rosnau,69 Kropf Road,Athens,Georgia,30610
Rance Denning,99 Eastlawn Park,Boston,Massachusetts,2163
Geri Ainsley,47071 Village Crossing,Washington,District of Columbia,20067
Sella Melarkey,2 Browning Road,Bradenton,Florida,34282
Lars Medcalfe,45792 Holmberg Way,Appleton,Wisconsin,54915
Cecilla McQuode,18751 Gina Street,Los Angeles,California,90035
Frants Tempest,02340 Gateway Center,Panama City,Florida,32405
Marvin Drake,76116 Forster Trail,Miami Beach,Florida,33141
Aluin Charnick,522 Quincy Lane,Seattle,Washington,98166
Lesley Booth-Jarvis,29381 Prairieview Junction,Henderson,Nevada,89074
Judie Shann,0542 Fallview Place,Monticello,Minnesota,55585
Ardelis Dunks,6048 Sycamore Parkway,Fort Worth,Texas,76198
Langston MacNucator,1 Forest Alley,Santa Ana,California,92725
Brett Christie,481 Kipling Park,Stamford,Connecticut,6912
Lenna Isley,872 Grim Park,Ocala,Florida,34474
Arlette Grix,26 Evergreen Park,Mobile,Alabama,36670
Ariana Applegarth,59937 Doe Crossing Junction,Washington,District of Columbia,20551
Shannah Barthram,9498 Stephen Avenue,Chicago,Illinois,60697
Jourdan Tortice,67 Katie Point,Miami,Florida,33283
Engelbert Hens,0436 Dorton Junction,Laredo,Texas,78044
Griswold Tollerfield,386 Clemons Parkway,Wichita,Kansas,67210
Cornelia L'Hommeau,74703 Dunning Place,Milwaukee,Wisconsin,53210
Hanna Beauvais,37 Duke Plaza,Sacramento,California,95865
Leesa Loweth,455 Thompson Circle,Grand Rapids,Michigan,49510
Bat Cozens,98543 Manitowish Hill,Aurora,Illinois,60505
Xenos Alvares,5923 Scoville Junction,Englewood,Colorado,80150
Randi Roycroft,03820 Burning Wood Park,San Antonio,Texas,78285
Regine Farguhar,22 Veith Street,Houston,Texas,77040
Adey Tivenan,98719 Ridge Oak Alley,Detroit,Michigan,48258
Ondrea Hartzogs,40270 Mallard Court,Waco,Texas,76711
Charo Brasher,138 Merrick Circle,Nashville,Tennessee,37205
Kinsley Mindenhall,69543 Armistice Terrace,Billings,Montana,59112
Elihu Blunsden,2 Sachtjen Trail,Brooklyn,New York,11254
Editha Belmont,82 Moulton Lane,Milwaukee,Wisconsin,53277
Germaine Esberger,0083 Pennsylvania Plaza,Alpharetta,Georgia,30022
Nanni Paterson,0080 Clyde Gallagher Lane,Baton Rouge,Louisiana,70883
Rebecka Mander,38 Leroy Plaza,Annapolis,Maryland,21405
Olin Melior,5 Summer Ridge Parkway,Albuquerque,New Mexico,87115
Vince Perell,00265 Daystar Road,Washington,District of Columbia,20062
Piotr Pea,5682 Manley Pass,Miami,Florida,33142
Abramo McVie,4 Badeau Terrace,Shreveport,Louisiana,71105
Matthew Seiffert,17507 Ridgeway Parkway,Long Beach,California,90840
Chalmers Legerton,3 Judy Hill,Mobile,Alabama,36622
Althea Jeanon,47 Summit Junction,Frankfort,Kentucky,40618
Halsy Matkin,30179 Pawling Junction,Bakersfield,California,93399
Melissa Teaz,4 Gale Junction,Arlington,Texas,76016
Duffy Fawdry,13 Donald Hill,Tulsa,Oklahoma,74156
Ardelle Lott,17 Erie Alley,Phoenix,Arizona,85005
Silas McKane,741 Crownhardt Parkway,Albuquerque,New Mexico,87121
Jermaine Mudge,90 Brickson Park Place,Evansville,Indiana,47732
Hamid April,50 Red Cloud Way,Huntington,West Virginia,25705
Abelard Klimkowski,33 Lerdahl Place,Modesto,California,95397
Daphne Dmiterko,79 Southridge Drive,San Mateo,California,94405
Mufinella Scrowby,26934 Farwell Circle,Reno,Nevada,89519
Mabel Ferreo,99 Wayridge Crossing,Midland,Texas,79710
Hagan Compston,35 Stoughton Junction,Los Angeles,California,90015
Winfield Balffye,6 Anderson Junction,Amarillo,Texas,79159
Bridgette Skade,150 Blaine Avenue,San Diego,California,92110
Consolata Beckerleg,2768 Kingsford Lane,Chicago,Illinois,60609
Kendrick Hiddy,9 Northview Pass,Lexington,Kentucky,40524
Shelbi Enion,0 Oakridge Point,Flint,Michigan,48550
Slade Milmoe,7344 Everett Hill,New York City,New York,10115
Dionne Eborall,56 Coleman Center,Brooklyn,New York,11247
Annabal Stearns,2 Karstens Center,Tacoma,Washington,98405
Batsheva Russon,5460 Service Road,Tallahassee,Florida,32314
Cherish Oliveras,8644 Morning Way,Rochester,New York,14609
Deedee Norval,3864 Lunder Terrace,Rochester,New York,14683
Katherina Maso,6 Anniversary Court,Gastonia,North Carolina,28055
Bary Revett,31904 Maple Wood Crossing,Youngstown,Ohio,44505
Catriona Frotton,51 Loftsgordon Pass,Palatine,Illinois,60078
Jerry Nutbeem,108 Barby Trail,Augusta,Georgia,30905
Sande Bartolozzi,16612 Heath Center,Dayton,Ohio,45426
Mariya Seed,70 Delladonna Park,Fort Myers,Florida,33913
Ulberto Egginson,52 Maywood Court,Lafayette,Louisiana,70505
Haskel Leng,433 Norway Maple Terrace,Pasadena,Texas,77505
Felicity Worms,92 Fairfield Hill,Cincinnati,Ohio,45264
Linoel Dyet,6328 Reinke Hill,Richmond,Virginia,23213
Hermie Kaman,14233 Bartillon Center,Buffalo,New York,14220
Lefty Turford,02 Anthes Pass,San Antonio,Texas,78220
Gabbi Hymor,7672 Memorial Terrace,Boulder,Colorado,80310
Biron Habergham,12213 Hanson Hill,Oklahoma City,Oklahoma,73104
Lin Gritsaev,2952 Jenifer Street,Lakeland,Florida,33811
Odie Graser,173 Sunbrook Junction,West Palm Beach,Florida,33421
Farrah Rexworthy,412 Express Hill,Lafayette,Louisiana,70505
Maryjane Cotterel,31 Rieder Lane,Largo,Florida,34643
Cynthia O'Shavlan,0404 La Follette Crossing,New York City,New York,10120
Nikola Daddow,340 Leroy Point,Yonkers,New York,10705
Ruth Errol,708 Riverside Road,Atlanta,Georgia,30311
Hester Putnam,75 Eggendart Street,Chicago,Illinois,60619
Benedetto Stuckley,5 Arapahoe Crossing,Scottsdale,Arizona,85260
Ros Shawcroft,181 Straubel Center,Brooklyn,New York,11215
Rubin Scholer,0487 Paget Drive,Saint Louis,Missouri,63167
Lemuel Avrahamov,06856 Hermina Hill,Harrisburg,Pennsylvania,17121
Justina Rothera,66 Sheridan Alley,Huntington,West Virginia,25711
Ives Bliven,997 Clemons Pass,New Orleans,Louisiana,70154
Briney Cheater,2361 Fisk Place,Virginia Beach,Virginia,23454
Hailey Ponte,7 Ilene Alley,Littleton,Colorado,80126
Prue Hacket,11137 Fordem Circle,Virginia Beach,Virginia,23454
Ange Mardee,558 Morrow Center,Tucson,Arizona,85705
Vally Joly,9636 Washington Trail,Anchorage,Alaska,99507
Fred Scoles,549 Londonderry Avenue,Silver Spring,Maryland,20918
Forester Hrinchenko,8126 Pierstorff Park,New York City,New York,10115
Edlin Whitten,58217 Everett Point,Topeka,Kansas,66699
Sherrie Beernt,98 Warner Pass,Kansas City,Missouri,64153
Rita Errigo,2 Everett Point,San Diego,California,92105
Giselle Hartlebury,9 Florence Alley,Trenton,New Jersey,8603
Dagny Fenning,20718 Westridge Terrace,San Jose,California,95123
Christa Pedrazzi,3 Westridge Point,Rochester,New York,14604
Abba Ades,9351 Cordelia Place,Indianapolis,Indiana,46221
Urbano Broxis,71 Morningstar Crossing,Los Angeles,California,90005
Ophelia Gulley,29 Graedel Avenue,Pittsburgh,Pennsylvania,15286
Maury Spurritt,78 Linden Pass,Columbus,Ohio,43240
Kenton Olekhov,34 Steensland Crossing,Tampa,Florida,33625
Geno McOnie,64381 Fair Oaks Crossing,Jersey City,New Jersey,7305
Lacey Tett,3239 Spenser Terrace,Springfield,Illinois,62794
Auberon Sattin,6 Milwaukee Road,Spartanburg,South Carolina,29305
Alfi Seagood,233 Kings Hill,Little Rock,Arkansas,72215
Markus Hiscoke,7 Paget Place,Arlington,Virginia,22205
Bambi Nelhams,41123 Corben Court,Macon,Georgia,31217
Daune Keene,29 Maple Wood Avenue,Boston,Massachusetts,2163
Gregory Antonat,16 Superior Way,Irvine,California,92710
Pail O' Meara,7922 Bunting Pass,Portland,Oregon,97216
Blake Gother,8 Morning Park,Richmond,Virginia,23220
Jeffrey Bemlott,2173 Browning Avenue,Oceanside,California,92056
Midge Tordiffe,32 Doe Crossing Street,Lakeland,Florida,33805
Chiquia Swansbury,75042 Blaine Plaza,Oakland,California,94622
Giles Plan,7072 Gale Drive,San Jose,California,95150
Derrek Faragher,43 Badeau Court,Las Vegas,Nevada,89135
Maxi McKeney,09 Menomonie Parkway,Juneau,Alaska,99812
Vinnie Kinton,67 Briar Crest Junction,Chicago,Illinois,60636
Dallas Mapplebeck,1 Di Loreto Way,Monroe,Louisiana,71213
Carmen Mochan,24199 Gerald Way,Boston,Massachusetts,2109
Warren Wands,363 Sunfield Circle,Fort Lauderdale,Florida,33305
Myrilla Chrestien,675 Gateway Parkway,Bethesda,Maryland,20892
Ruttger Card,3 Steensland Alley,New York City,New York,10125
Gerik Brandrick,91 Claremont Hill,Houston,Texas,77065
Odette Jewiss,002 Buhler Street,Garden Grove,California,92844
Annnora Kezourec,81359 Bartelt Hill,Sacramento,California,95828
Koren Wemes,031 Anderson Center,Memphis,Tennessee,38131
Kania Nilles,25181 Kings Crossing,Washington,District of Columbia,56944
Clemente Gillinghams,1 Macpherson Point,Cincinnati,Ohio,45223
Mayer Fayer,4830 Blaine Street,Shreveport,Louisiana,71105
Freddi Chamberlin,47 Graceland Road,Youngstown,Ohio,44555
Freddie Shilladay,443 Norway Maple Center,Detroit,Michigan,48275
Steve Blaasch,5920 Iowa Park,Rochester,New York,14609
Cyrill Seabridge,54 Shelley Way,Irvine,California,92717
Fawnia Bain,6897 Dakota Drive,Cumming,Georgia,30130
Hilliard Shenton,9 Eastlawn Point,Des Moines,Iowa,50936
Moses Squelch,53 Holmberg Lane,Colorado Springs,Colorado,80920
Melody Gulliford,6266 Swallow Point,New Orleans,Louisiana,70165
Katina Wetheril,00 Toban Drive,Alexandria,Virginia,22313
Eartha McCorkell,61 International Street,Baton Rouge,Louisiana,70815
Lev Giottoi,73520 Dryden Parkway,Columbia,South Carolina,29220
Ashbey McElhinney,233 Commercial Plaza,Fresno,California,93704
Ermengarde Minto,6615 Cordelia Avenue,Memphis,Tennessee,38150
Jaquenette Langrick,60 Caliangt Hill,Nashville,Tennessee,37210
Yance Sillis,784 Little Fleur Center,Atlanta,Georgia,30392
Julita Starr,02374 Walton Plaza,Carson City,Nevada,89714
Manon Lapre,336 Weeping Birch Junction,Buffalo,New York,14233
Gerti Peal,230 Valley Edge Trail,Richmond,Virginia,23277
Zulema Delgardillo,115 Loomis Plaza,Hampton,Virginia,23668
Rici Klemps,97 Ridgeview Plaza,Delray Beach,Florida,33448
Bartie McLane,48 Algoma Circle,Minneapolis,Minnesota,55412
Karie Reavey,8 Grasskamp Parkway,Alexandria,Virginia,22301
Susannah Demschke,0 Oak Parkway,Dayton,Ohio,45419
Elton Flippini,28 Del Mar Way,Boston,Massachusetts,2124
Salvador Ciraldo,219 Hayes Point,Seattle,Washington,98115
Farrah Penketh,7588 Longview Avenue,Waterloo,Iowa,50706
Blakelee Brient,692 Rusk Circle,Ocala,Florida,34479
Tracy Boydon,07 Vernon Way,Las Vegas,Nevada,89135
Sanders Tonkinson,8871 Sloan Crossing,Jackson,Mississippi,39236
Myrilla Ryall,66298 South Road,Spartanburg,South Carolina,29319
Eunice Coventry,756 Lillian Terrace,Philadelphia,Pennsylvania,19120
Guendolen Sebright,4 Granby Park,Las Vegas,Nevada,89135
Harrison Meeks,2 Dennis Street,Seminole,Florida,34642
Duffy Sawrey,06488 Utah Lane,El Paso,Texas,79955
Vanessa Chaloner,0744 Maple Wood Terrace,Dallas,Texas,75236
Hermon Beggin,19 Valley Edge Pass,New Brunswick,New Jersey,8922
Flory Schuricht,10354 Wayridge Plaza,Austin,Texas,78721
Patricio Lacy,5 New Castle Court,Minneapolis,Minnesota,55402
Ami Ferreri,43 Garrison Plaza,Pittsburgh,Pennsylvania,15220
Sinclair Vaneev,55299 Sutteridge Circle,Atlanta,Georgia,31165
Tim Wiley,3 Village Green Park,San Diego,California,92121
Pearle Bodycote,66139 Burrows Court,Richmond,Virginia,23228
Mandel Wickens,1720 Vernon Crossing,Santa Monica,California,90410
Selena Trahear,3 Carberry Drive,El Paso,Texas,88553
Yevette Cicconetti,26 Browning Point,Fresno,California,93726
Gladys Bristoe,801 3rd Junction,Houston,Texas,77212
Bari Stallworthy,86549 Packers Junction,Erie,Pennsylvania,16510
Garreth Skoggins,5 Village Green Way,Corona,California,92878
Marinna Birtwisle,8 Sauthoff Parkway,Denver,Colorado,80228
Conway McQuin,44 Cottonwood Trail,Saint Paul,Minnesota,55123
Evaleen Linggard,6087 Division Parkway,Birmingham,Alabama,35231
Leyla Fasham,2 Hanover Drive,Jackson,Tennessee,38308
Lanita Birchill,708 Lighthouse Bay Parkway,Sterling,Virginia,20167
Selena Gertray,02792 Mifflin Junction,Birmingham,Alabama,35210
Ferdinanda Willimott,95576 Graedel Court,Farmington,Michigan,48335
Aarika Okey,45 Delaware Trail,Montgomery,Alabama,36177
Bev Solomon,9265 Oxford Court,Terre Haute,Indiana,47805
Moina Furbank,3 Blue Bill Park Road,Akron,Ohio,44329
Jeanette Searjeant,856 Mallory Avenue,Los Angeles,California,90189
Janot Wilkins,6 Arrowood Trail,Kingsport,Tennessee,37665
Jenine Mulvey,77 Banding Pass,Anchorage,Alaska,99599
Stanly Costelloe,69304 Manitowish Place,Lincoln,Nebraska,68517
Buckie Attiwill,33 Homewood Trail,Rockville,Maryland,20851
Joyce Flay,5 Shopko Park,Reading,Pennsylvania,19605
Collette Ruggiero,9152 Melody Lane,Columbus,Mississippi,39705
Kimbell Hinge,015 Fuller Street,Columbia,South Carolina,29215
Benedetta Rohmer,467 Acker Way,Syracuse,New York,13224
Ulick Lusk,25 Corben Lane,Peoria,Illinois,61635
Reba Stimson,9670 Paget Court,Albany,New York,12210
Mollee Skaif,7182 Saint Paul Street,El Paso,Texas,88525
Monica Rankin,96433 Northport Court,Carol Stream,Illinois,60158
Berky Winterbotham,28880 Lerdahl Street,Louisville,Kentucky,40287
Aldous Norcutt,00900 Dakota Junction,Charleston,West Virginia,25362
Esdras Sirmon,4 Del Sol Pass,Raleigh,North Carolina,27658
Sharline Ockland,3290 Victoria Circle,Charleston,West Virginia,25331
Kylynn Tippett,39151 Summit Terrace,Fresno,California,93740
Boone Richarz,613 Thompson Road,Dallas,Texas,75367
Robina Thomsen,38594 Pankratz Avenue,Wichita,Kansas,67215
Christabella Mudd,2876 Trailsway Street,Bradenton,Florida,34282
Ermin Nannini,340 Browning Park,Honolulu,Hawaii,96820
Florentia Tanser,9244 Lerdahl Crossing,East Saint Louis,Illinois,62205
Jolyn Eldered,587 Maryland Park,New York City,New York,10004
Deirdre Halford,8 Lyons Drive,Chicago,Illinois,60657
Lowell Dunton,866 Lake View Court,Tallahassee,Florida,32304
Kristofer Tomasek,2747 Thompson Circle,Suffolk,Virginia,23436
Chandra Monteath,9 Vernon Terrace,Los Angeles,California,90015
Marni Dudding,663 Service Street,El Paso,Texas,79994
Glenda Whalley,86 Johnson Lane,Albuquerque,New Mexico,87105
Stanislas Speeks,8033 Tomscot Circle,Houston,Texas,77015
Fey Seys,727 Nobel Park,Schenectady,New York,12325
Hobey Thomlinson,833 Kropf Drive,New York City,New York,10120
Gardy Harner,61 Maywood Lane,Tucson,Arizona,85732
Hakim Jarrett,32 Maple Wood Drive,Trenton,New Jersey,8619
Cinda McQueen,13 Vera Lane,Saint Paul,Minnesota,55166
Cullin Zecchinelli,98701 Westerfield Park,Pomona,California,91797
Phil Lorraine,8762 Haas Street,Valdosta,Georgia,31605
Odelle Langman,77 Montana Avenue,Canton,Ohio,44720
Karon Benardette,3757 Meadow Vale Lane,Canton,Ohio,44720
Carmita Oakey,295 Golf View Park,Pittsburgh,Pennsylvania,15235
Ninnette Enrigo,8131 Aberg Crossing,Irving,Texas,75037
Barnard Jerisch,9238 Vernon Center,Jersey City,New Jersey,7310
Emiline Blodget,7172 Merry Hill,Grand Rapids,Michigan,49560
Willy Olivetta,12702 Northwestern Parkway,Richmond,Virginia,23277
Rich Mackstead,2372 Corscot Plaza,Humble,Texas,77346
Rea Reedie,579 Heath Hill,New Orleans,Louisiana,70160
Hugo Sargeant,52 Center Trail,Shreveport,Louisiana,71105
Felita Franzotto,21013 Ruskin Place,Springfield,Missouri,65898
Theo Haddrell,8725 Boyd Street,Van Nuys,California,91406
Marcellina Boteman,4 Daystar Court,Washington,District of Columbia,20205
Chery Boutell,213 Westridge Court,Buffalo,New York,14276
Kin Harnetty,25 Golf Hill,Charleston,West Virginia,25336
Cynthie Pabst,468 Heath Place,Boston,Massachusetts,2119
Waylon Gorioli,8 Oak Pass,Albuquerque,New Mexico,87115
Aleta Garmey,03 Dwight Junction,Trenton,New Jersey,8695
Natasha Whyard,059 Hovde Crossing,Cincinnati,Ohio,45999
Jae Moyes,5665 Mariners Cove Junction,Erie,Pennsylvania,16522
Ibrahim Padbury,88779 Melrose Street,Wilmington,Delaware,19886
Ike Slaney,3 Blue Bill Park Avenue,Saint Louis,Missouri,63158
Janith Arbon,955 Delaware Point,Saginaw,Michigan,48609
Sheba Hattersley,9 Rockefeller Hill,Santa Barbara,California,93106
Frasco Cabbell,97 Towne Road,Galveston,Texas,77554
Bibbye Andreix,42 Forest Run Lane,Little Rock,Arkansas,72215
Kendricks Channer,4 Glendale Lane,Duluth,Georgia,30096
Myrtie Simmell,182 Mallory Pass,Detroit,Michigan,48217
Lanie Fripp,2419 Gerald Plaza,Rochester,New York,14639
Marcela Vassay,5929 Cody Trail,Louisville,Kentucky,40205
Ring Matiashvili,951 Haas Street,Jackson,Mississippi,39236
Mira McSherry,3714 Lakeland Street,Reading,Pennsylvania,19610
Levin McConway,64 Bartelt Parkway,Amarillo,Texas,79182
Shelby Minihan,32 Northwestern Way,Fresno,California,93726
Antonie Ogborn,880 Hollow Ridge Place,San Antonio,Texas,78255
Ruprecht Kennagh,20247 Glacier Hill Lane,Indianapolis,Indiana,46278
Jenine Keaves,7 Moulton Center,Durham,North Carolina,27717
Jolyn Ough,3 West Hill,Tulsa,Oklahoma,74156
Sawyere Du Plantier,45 Westridge Trail,Fort Collins,Colorado,80525
Freddie Flaws,54 Lien Pass,Phoenix,Arizona,85072
Benton Anthoney,9092 Grim Lane,Toledo,Ohio,43666
Nesta Drew,13 Anthes Court,Raleigh,North Carolina,27621
Natividad Mullally,64 Del Sol Alley,Minneapolis,Minnesota,55428
Milissent Jeschner,01 Tony Circle,South Lake Tahoe,California,96154
Elisa McElvine,253 Carey Road,Washington,District of Columbia,20540
Winnah Menier,5871 Nevada Drive,San Diego,California,92176
Annissa Carragher,2 Loomis Parkway,Montgomery,Alabama,36114
Coralie Ciccarello,876 Farwell Plaza,Long Beach,California,90847
Rodie Scatchar,23 Buhler Road,Baton Rouge,Louisiana,70805
Ines Allington,6034 Express Way,Erie,Pennsylvania,16505
Ester Birtles,903 Chinook Park,Philadelphia,Pennsylvania,19178
Wilburt Ort,953 Homewood Street,Des Moines,Iowa,50335
Morgen Berkley,5 Anderson Way,Chula Vista,California,91913
Andi Scarrott,63 Delaware Avenue,New Bedford,Massachusetts,2745
Powell Barwis,4817 Melby Road,Colorado Springs,Colorado,80935
Gwennie O' Bee,5 Sunnyside Way,Lubbock,Texas,79491
Theodosia Rossi,4165 Coleman Road,Charlotte,North Carolina,28220
Andras Gaddesby,760 Lakeland Lane,Macon,Georgia,31205
Josie Tombs,42879 Lawn Junction,Saint Paul,Minnesota,55188
Charin Adel,74802 Maple Wood Crossing,Columbia,South Carolina,29215
Zulema Kiloh,63 Hanover Center,Dayton,Ohio,45414
Reena McGraith,6 Eliot Street,Pittsburgh,Pennsylvania,15240
Mattie MacKill,313 Dawn Hill,Dallas,Texas,75342
Barnebas Tschirasche,4695 Fisk Junction,Los Angeles,California,90189
Jodie Baston,4238 Farwell Place,Wilmington,North Carolina,28410
Sabrina Devonish,0478 Dexter Crossing,Rochester,New York,14619
Gabbie Oxherd,991 Wayridge Alley,Phoenix,Arizona,85099
Reyna Digman,8 Anderson Pass,Hyattsville,Maryland,20784
Filbert Brane,782 Dayton Plaza,Falls Church,Virginia,22047
Josephine Gudge,43 Center Point,Salt Lake City,Utah,84105
Dilan Bullant,541 Russell Junction,Gainesville,Florida,32610
Anallese Engel,5 Golf Way,Texarkana,Texas,75507
Curtice Mousley,5 American Ash Crossing,Macon,Georgia,31205
Burnaby Bettinson,152 Northland Hill,Seattle,Washington,98133
Evania Shah,9557 Anzinger Way,Kansas City,Missouri,64199
Hermione Eynaud,11204 Spaight Road,Decatur,Georgia,30089
Nicky Gildroy,52 Katie Court,Denver,Colorado,80235
Raynell Brayshaw,9395 Green Ridge Plaza,San Diego,California,92170
Bowie Hasser,847 Kinsman Junction,Beaverton,Oregon,97075
Wayne Tearney,5659 Eagle Crest Terrace,Evansville,Indiana,47747
Dina Upchurch,67 Messerschmidt Alley,Des Moines,Iowa,50369
Barron Birts,6 Donald Center,Indianapolis,Indiana,46221
Halette Ducastel,0 Walton Street,South Bend,Indiana,46699
Martha Twiname,997 Blue Bill Park Avenue,Kalamazoo,Michigan,49006
Angeli Kleinstein,3 Clemons Terrace,New Haven,Connecticut,6533
Ewen Ascraft,9429 Fieldstone Avenue,Kansas City,Missouri,64125
Silvana Narramor,3 Melody Point,Austin,Texas,78789
Lew Inkle,7 Burning Wood Place,Omaha,Nebraska,68144
Gertie Devany,93 Saint Paul Alley,Santa Ana,California,92705
Patrick Hardwicke,92 Shopko Junction,Evansville,Indiana,47747
Olympie Roderigo,1 Melby Crossing,Springfield,Ohio,45505
Lorri Deftie,30 Village Green Way,Chattanooga,Tennessee,37405
Law Templman,7 Lindbergh Pass,Beaumont,Texas,77705
Baxy Nussgen,90 Hansons Alley,Gastonia,North Carolina,28055
Madlen Kernoghan,163 Ridgeway Parkway,Harrisburg,Pennsylvania,17140
Avigdor Corkett,52085 Ryan Drive,Omaha,Nebraska,68134
Vilma Antognoni,95 Roxbury Junction,Baltimore,Maryland,21281
Alleyn Addicott,4 Memorial Place,New Orleans,Louisiana,70116
Rudiger Chinnery,93715 Shelley Junction,Hartford,Connecticut,6152
Lona Gerraty,6 Scott Circle,Indianapolis,Indiana,46202
Jenelle Arons,73592 New Castle Circle,Bakersfield,California,93311
Pauly Breit,22293 American Ash Court,Saint Paul,Minnesota,55103
Penrod Moakler,40 Evergreen Place,Tacoma,Washington,98417
Hildagarde Mildmott,11517 Mariners Cove Hill,Rockford,Illinois,61110
Junia Letch,85618 Cottonwood Pass,Henderson,Nevada,89074
Jillana Drejer,97925 Claremont Drive,Sacramento,California,94250
Antony Cusick,245 Manufacturers Center,Roanoke,Virginia,24014
Ilaire Jocic,9340 Troy Plaza,El Paso,Texas,79916
Xena Semered,9 Daystar Point,Pittsburgh,Pennsylvania,15230
Steffen MacAfee,25 Dawn Road,Milwaukee,Wisconsin,53285
Hubie Scafe,2585 Anderson Junction,Washington,District of Columbia,20525
Forster Gouny,61 Spenser Street,Boston,Massachusetts,2298
Brnaba Figurski,96 Gina Drive,Denton,Texas,76210
Mozelle Roeby,13 Roth Way,Washington,District of Columbia,20078
Melamie D'Alwis,473 Larry Parkway,Las Vegas,Nevada,89135
Gris Mizen,01133 Amoth Lane,Albany,New York,12227
Fredrika Waison,34165 Arapahoe Hill,Gainesville,Florida,32627
Betty Monard,79401 Beilfuss Street,Nashville,Tennessee,37205
Daren Dowse,78 Summit Hill,Palmdale,California,93591
Aubert Staves,34781 Thompson Crossing,Dayton,Ohio,45408
Roanna Hoyle,950 Graedel Terrace,Hayward,California,94544
Nicolis Arndt,2072 Carberry Trail,Anaheim,California,92825
Putnam Speachley,79457 East Parkway,Albany,New York,12222
Jackquelin Attenbarrow,25 Northland Lane,Dallas,Texas,75241
Florie Garstang,58778 Glendale Way,San Mateo,California,94405
Zelig Streater,9391 Chive Trail,Seattle,Washington,98127
Philip Kitter,90 Brickson Park Drive,New York City,New York,10029
Bordie Ryan,4 Stoughton Lane,Saint Petersburg,Florida,33715
Ezra Ojeda,45 Corry Park,Saint Louis,Missouri,63121
Lannie Cabrera,138 Pawling Hill,Austin,Texas,78783
Elladine Neasam,7360 4th Street,Dayton,Ohio,45426
Hewet Fache,949 Weeping Birch Center,Greensboro,North Carolina,27409
Sheridan Dudney,240 Glendale Road,Topeka,Kansas,66606
Maybelle Weatherell,44 Pond Court,Washington,District of Columbia,20244
Ardyce D'Andrea,931 Cardinal Drive,Colorado Springs,Colorado,80945
Valera Petrak,9484 Manley Junction,Jackson,Mississippi,39210
Nat Pimlott,876 Di Loreto Alley,Milwaukee,Wisconsin,53210
Aime Orgel,7181 Elmside Point,El Paso,Texas,79994
Hans Halls,8 Melvin Street,Houston,Texas,77025
Joceline MacAscaidh,78848 Vernon Junction,Chicago,Illinois,60697
Melinde Powdrill,96583 Darwin Drive,Newark,New Jersey,7112
Vance Cowdroy,6478 Miller Junction,Camden,New Jersey,8104
Pennie Fitzackerley,77 Tomscot Street,Nashville,Tennessee,37245
Isabeau Benedicto,37268 Ohio Junction,Spokane,Washington,99260
Nonnah Handke,326 Judy Street,Omaha,Nebraska,68105
Archy Pentony,53040 American Ash Road,Naples,Florida,34102
Thoma Mccaull,268 Eastwood Court,Charleston,West Virginia,25331
Zola Finlaison,056 Pearson Avenue,Whittier,California,90610
Gavrielle Falkingham,34471 Buena Vista Point,Atlanta,Georgia,31136
Velvet Pinchback,1 Mayer Terrace,Springfield,Illinois,62776
La verne Kirley,47321 Pawling Crossing,Washington,District of Columbia,20470
Crystal Cella,02970 Center Center,Lexington,Kentucky,40505
Quinn Kinmond,59 Melody Plaza,Greensboro,North Carolina,27409
Noel Connolly,4 Bunting Alley,Chicago,Illinois,60697
Carroll Vinnick,8 Warbler Way,Oklahoma City,Oklahoma,73109
Webster Peeter,3812 Bunker Hill Alley,Chicago,Illinois,60697
Maximo Allenson,87 Jackson Lane,Minneapolis,Minnesota,55423
Tybalt Oiller,82367 Anthes Way,San Francisco,California,94177
Rabbi Shaxby,33 Bayside Way,Louisville,Kentucky,40280
Lissa Atcheson,5 Roth Plaza,Tulsa,Oklahoma,74126
Johnnie Petranek,987 Orin Avenue,Birmingham,Alabama,35279
Fredrika Bracci,3 Little Fleur Alley,Columbia,South Carolina,29208
Quentin Elcoate,9783 Lawn Park,Peoria,Arizona,85383
Sergeant Bront,5 Glacier Hill Alley,Los Angeles,California,90045
Eddi Reiling,357 Donald Avenue,Las Vegas,Nevada,89115
Carma Scripps,3 Fallview Lane,Pittsburgh,Pennsylvania,15286
Elane Hawker,19837 Schmedeman Pass,Atlanta,Georgia,31165
Lara Robe,18094 Bobwhite Park,Palm Bay,Florida,32909
Lambert Odby,67 Valley Edge Lane,Houston,Texas,77250
Rice Zupo,05163 Division Way,Jersey City,New Jersey,7310
Elset Warland,8988 Menomonie Parkway,Washington,District of Columbia,20414
Gusella Eneas,8877 Carioca Plaza,Boston,Massachusetts,2208
Kinnie Salzberger,34 Express Trail,Long Beach,California,90840
Fidelity Hulse,405 Glacier Hill Trail,Charlotte,North Carolina,28272
Jack Haps,987 Kennedy Court,Grand Rapids,Michigan,49510
Stefan Barta,1 Debra Avenue,Saint Paul,Minnesota,55127
Melloney Bettleson,6 Kropf Parkway,Washington,District of Columbia,20566
Chrystel Merveille,801 Rieder Place,Jamaica,New York,11480
Hermie Valentine,365 Sachtjen Crossing,Sacramento,California,94286
Dunn Scallon,9302 Anderson Crossing,Cleveland,Ohio,44197
Frederich Burroughes,0393 Emmet Park,Warren,Ohio,44485
Olav O'Fogerty,53 Hollow Ridge Junction,Minneapolis,Minnesota,55441
Clayborne Heak,138 Waxwing Park,Seattle,Washington,98133
Levi Allmark,89378 1st Crossing,Decatur,Georgia,30033
Avivah Copland,4 Lake View Road,Philadelphia,Pennsylvania,19151
Sanford Yanez,0 Leroy Pass,Los Angeles,California,90076
Isadore Alloway,58 Loomis Plaza,Columbus,Ohio,43204
Tania Zanuciolii,47998 Warner Avenue,Inglewood,California,90310
Crichton Goare,6562 Bunker Hill Parkway,Daytona Beach,Florida,32118
Lindy Lanchester,9 Monument Point,San Diego,California,92132
Talyah Potten,6 Myrtle Road,Tampa,Florida,33605
Wit Willacot,635 Sycamore Trail,Washington,District of Columbia,20337
Trevor Packwood,213 Buell Plaza,Springfield,Illinois,62718
Mario Lowensohn,6025 Nevada Lane,New York City,New York,10045
Cati Gascoyne,15 Lerdahl Hill,Annapolis,Maryland,21405
Curran Serle,2 Merchant Way,Omaha,Nebraska,68134
Rosetta Geydon,3 Thackeray Pass,Charlotte,North Carolina,28215
Kimball Renehan,97903 Amoth Crossing,Macon,Georgia,31217
Karalee Cantu,7 Bobwhite Street,Saint Louis,Missouri,63126
Rodolph Blundel,443 Oakridge Circle,Pinellas Park,Florida,34665
Sol Yurukhin,7 Forest Dale Court,Arlington,Virginia,22234
Moyra Biford,2 Claremont Hill,New York City,New York,10260
Corbett Wardhaw,7237 Grayhawk Parkway,Cincinnati,Ohio,45208
Alexander Whistan,38000 Pennsylvania Point,Orlando,Florida,32808
Fanchon Eads,683 Hoepker Avenue,Nashville,Tennessee,37220
Fonz Fishburn,1585 Esker Way,San Francisco,California,94116
Gil Maxstead,6 Bultman Hill,Stockton,California,95298
Denyse Broomer,6 Spaight Plaza,Temple,Texas,76505
Gerry Ryde,27 Nancy Hill,Spokane,Washington,99252
Amandy Sudlow,15 Roxbury Drive,York,Pennsylvania,17405
Fitz Toderi,2499 Cottonwood Way,Plano,Texas,75074
Salli Lyptrit,99 School Way,Washington,District of Columbia,20591
Keene Halligan,2032 7th Crossing,Columbus,Georgia,31904
Tony Klewer,28 Maple Way,Port Saint Lucie,Florida,34985
Moritz Wodeland,68027 Waxwing Terrace,Bellevue,Washington,98008
Bette-ann Dowey,914 Spaight Hill,Tampa,Florida,33694
Janet Belchamber,3352 Delladonna Terrace,Trenton,New Jersey,8608
Rubetta Bavister,3 Sommers Lane,Marietta,Georgia,30066
Lidia Preshous,7444 Claremont Drive,Salt Lake City,Utah,84152
Florinda Crouch,1251 Pond Circle,Austin,Texas,78715
Julina Coltherd,5 Express Circle,Richmond,Virginia,23272
Alverta Macourek,58 Farragut Junction,Los Angeles,California,90060
Annis Gedge,97736 Fairfield Pass,Tampa,Florida,33620
Del Nielson,96 Transport Park,Eugene,Oregon,97405
Zebadiah Ryman,448 Warbler Pass,Houston,Texas,77020
Stephenie Skews,85 Graceland Court,Duluth,Minnesota,55805
Aundrea Zealey,1 Dixon Terrace,Jersey City,New Jersey,7310
Olenolin Caldaro,831 Del Mar Junction,Saint Petersburg,Florida,33742
Cory Read,427 Bobwhite Terrace,Pittsburgh,Pennsylvania,15215
Annecorinne Greensite,7473 Sage Place,Montpelier,Vermont,5609
Melli Quincey,941 New Castle Circle,Gastonia,North Carolina,28055
Vita Tomsen,5623 Basil Center,Boston,Massachusetts,2216
Cornie Goodison,52 Northfield Parkway,Hialeah,Florida,33018
Romy Novik,78 Grayhawk Road,Phoenix,Arizona,85035
Dosi Putton,92774 Acker Point,Dallas,Texas,75353
Brucie Chasmoor,1618 Green Avenue,Wichita,Kansas,67215
Florie Hattrick,8986 Jana Way,Louisville,Kentucky,40287
Lizzie Davidowich,00 Dahle Plaza,Cheyenne,Wyoming,82007
Forrester Cottom,13140 Pennsylvania Junction,New Orleans,Louisiana,70149
Lewiss Bankes,4 Browning Parkway,Long Beach,California,90831
Candie Signoret,0056 Tennyson Plaza,Oklahoma City,Oklahoma,73147
Katy Riby,10 Jay Pass,Inglewood,California,90305
Aldwin Ochterlony,36525 Mitchell Way,Van Nuys,California,91411
Alexi Simonnet,6 Springs Road,Las Vegas,Nevada,89150
Kara-lynn Guilayn,0830 Main Park,El Paso,Texas,79994
Chryste Brader,53155 Rusk Drive,Austin,Texas,78769
Dulsea Valadez,422 Banding Circle,Richmond,California,94807
Kimberlyn Brandolini,38 Anhalt Pass,Columbus,Ohio,43240
Rahal Ellesworth,1 Goodland Circle,Fairbanks,Alaska,99790
Estele Samber,25 Express Park,Milwaukee,Wisconsin,53225
Sascha Gawthorp,377 Clarendon Terrace,Joliet,Illinois,60435
Almeria Eaken,9245 Pleasure Terrace,San Antonio,Texas,78260
Theodora Dedman,34 Jana Avenue,Elizabeth,New Jersey,7208
Tan Gierke,942 Porter Drive,Arvada,Colorado,80005
Ferdy Treherne,47986 Redwing Crossing,Minneapolis,Minnesota,55423
Cahra Rothwell,83927 Oakridge Point,Knoxville,Tennessee,37939
Gerome Skellon,48 Dapin Place,Philadelphia,Pennsylvania,19093
Jorry Peasegod,38137 Weeping Birch Parkway,San Antonio,Texas,78278
Mozelle McLanachan,05431 Carioca Lane,Boston,Massachusetts,2109
Mill Denman,971 Blackbird Junction,Monroe,Louisiana,71213
Gusta Bateup,0 Hoffman Court,San Francisco,California,94116
Dolli Zavittieri,56804 Fordem Court,Los Angeles,California,90101
Vitia Harrod,6369 Pankratz Circle,Albuquerque,New Mexico,87201
Briny Ciotti,4 Bunker Hill Plaza,Spring,Texas,77388
Lorinda Thonger,65 Morrow Crossing,Bakersfield,California,93399
Maiga Renison,977 Northland Junction,Springfield,Missouri,65810
Binny Windrass,6 Waxwing Terrace,Houston,Texas,77005
Daune Cutchee,29 Sachs Place,Dallas,Texas,75221
Filmore Hearon,531 Hovde Pass,Waterloo,Iowa,50706
Lisbeth Ruddlesden,109 Summit Parkway,Watertown,Massachusetts,2472
Richie McCaskell,137 Melody Center,Spokane,Washington,99252
Reynolds McGilleghole,64811 Blackbird Court,Saint Paul,Minnesota,55103
Klemens Turland,32731 Dakota Point,Waterloo,Iowa,50706
Hillier Capeloff,039 Acker Court,Las Vegas,Nevada,89155
Cecilius Duffett,587 South Junction,Cincinnati,Ohio,45228
Anabella Cicculini,392 Shelley Lane,Jacksonville,Florida,32215
Jamill Yarrall,02204 Welch Way,Portland,Oregon,97240
Karlotte Mattusov,987 Namekagon Way,Valdosta,Georgia,31605
Laetitia Grahl,8523 Reinke Parkway,Albuquerque,New Mexico,87105
Cal Eskell,80 Buhler Drive,Hattiesburg,Mississippi,39404
Allayne Pury,671 David Plaza,Mesquite,Texas,75185
Aili Duffrie,00603 Eagle Crest Trail,Lincoln,Nebraska,68583
Mireielle Fargher,673 Stang Place,Terre Haute,Indiana,47812
Winston Claypool,8 Continental Street,Saint Paul,Minnesota,55123
Bertie Haselhurst,17505 Scoville Road,Detroit,Michigan,48295
Nataline Bilofsky,22 Knutson Hill,Birmingham,Alabama,35215
Angie Medendorp,7 Hintze Drive,San Antonio,Texas,78220
Barri Larcombe,98 5th Pass,Atlanta,Georgia,30380
Leif Whisson,52 Muir Pass,Houston,Texas,77040
Wolfie Weinham,207 Bashford Lane,Aurora,Illinois,60505
Sal Timmens,404 Graedel Hill,Oklahoma City,Oklahoma,73109
Bea Reddlesden,0062 Delaware Drive,Panama City,Florida,32412
Megan Holberry,6 Acker Street,Montgomery,Alabama,36195
Chan Futter,227 Washington Center,Milwaukee,Wisconsin,53277
Agretha Mitcham,2914 Fulton Crossing,Fort Pierce,Florida,34949
Renate Climar,5232 6th Lane,Springfield,Illinois,62756
Pancho Alsobrook,74651 Rowland Junction,Albany,New York,12255
Adaline Cullip,1 Texas Circle,Marietta,Georgia,30066
Garry Maddrah,34 Tennyson Lane,Warren,Ohio,44485
Barnebas Wolvey,7849 Merrick Lane,Utica,New York,13505
Gustav Ledington,4170 Old Gate Street,Philadelphia,Pennsylvania,19141
Ringo Sabate,443 Express Terrace,Concord,California,94522
Rochette McEttigen,6 Sutherland Junction,Harrisburg,Pennsylvania,17110
Candis Adamik,8449 Johnson Street,Evansville,Indiana,47737
Innis Ferrotti,52279 Commercial Alley,Atlanta,Georgia,30356
Elena Avrahamy,5322 Clyde Gallagher Court,Denver,Colorado,80209
Hussein Diament,64220 Sugar Hill,Atlanta,Georgia,30316
Gaultiero McLellan,41 Marquette Circle,Littleton,Colorado,80127
Renelle Dog,7 Dorton Avenue,Austin,Texas,78749
Giustino Dwire,2579 Kings Crossing,Louisville,Kentucky,40256
Rosaleen Scorah,223 Hoffman Crossing,Schenectady,New York,12325
Garald Eccersley,7747 Redwing Pass,Tyler,Texas,75710
Melissa Brooksbank,51 Roxbury Crossing,Dayton,Ohio,45408
Tymon Daile,24251 Sutherland Crossing,Glendale,California,91205
Paulo Perren,8276 2nd Junction,Sacramento,California,94257
Heidie Brandle,60108 Morning Street,Amarillo,Texas,79159
Oliy Krahl,0 Division Lane,New York City,New York,10019
Zacharia Kyteley,803 Pawling Drive,Reno,Nevada,89595
Florry Holby,4 Rowland Junction,Atlanta,Georgia,30356
Cristabel Cline,47 Walton Road,Fort Lauderdale,Florida,33310
Toby Lauks,959 Ryan Hill,Atlanta,Georgia,30351
Beltran Aspy,6164 Blue Bill Park Center,Albuquerque,New Mexico,87115
Omero Mantram,80249 Laurel Center,Everett,Washington,98206
Rolph Rogerson,83769 Clemons Terrace,Clearwater,Florida,34615
Sile Haycox,486 Harper Parkway,Newark,Delaware,19725
Rois Lundbeck,930 Fallview Court,Cincinnati,Ohio,45999
Antin Deniskevich,011 Schurz Lane,Roanoke,Virginia,24020
Enriqueta Mauser,328 Claremont Road,Dayton,Ohio,45414
Arlie Whitehair,8714 Erie Plaza,Roanoke,Virginia,24034
Thorpe Dunbobin,1 Brickson Park Place,Detroit,Michigan,48217
Lanie Ranns,38496 Eagle Crest Court,San Diego,California,92160
Luce Tirone,5 Butterfield Point,Detroit,Michigan,48295
Rich Stevani,71 Fisk Hill,Baltimore,Maryland,21216
Hedvig Goulding,23759 Rieder Hill,Worcester,Massachusetts,1605
Fleurette Pittford,2018 Mallory Hill,San Diego,California,92191
Sander Alten,9 Nova Avenue,Billings,Montana,59112
Bette-ann Grattage,69 West Drive,Dallas,Texas,75323
Elna Knappen,9 Ridgeway Crossing,Anchorage,Alaska,99507
Karoly Zannolli,15264 Jay Road,Reading,Pennsylvania,19605
Janetta McKeney,02 Cherokee Court,El Paso,Texas,79916
Drud Nyssens,06 Manley Circle,Washington,District of Columbia,20397
Cameron Blondell,306 Fairfield Alley,San Antonio,Texas,78250
Cassius Hendricks,096 Holmberg Place,Providence,Rhode Island,2905
Alexandr Korneichuk,061 Sunnyside Circle,Denver,Colorado,80270
Harv Kevern,94503 Ruskin Circle,Arlington,Texas,76016
Kirbie Heatlie,08773 Northview Street,North Little Rock,Arkansas,72118
Joyann Challes,7 Fuller Lane,Houston,Texas,77010
Durward Metcalfe,3 Morrow Trail,Salinas,California,93907
Donnie Linkleter,6 Cordelia Junction,Milwaukee,Wisconsin,53225
Alexio Graveney,2380 Petterle Alley,Tacoma,Washington,98405
Gavra MacTrustey,13681 Sherman Parkway,Plano,Texas,75074
Monah Spivey,6 5th Avenue,Los Angeles,California,90101
Tera Trench,4003 Esch Pass,Roanoke,Virginia,24040
Lorri Karlik,417 Montana Lane,Tyler,Texas,75799
Kylie Klampt,99 Calypso Terrace,Virginia Beach,Virginia,23454
Ezechiel Renowden,2258 Jay Junction,Jacksonville,Florida,32204
Maurizia Kaubisch,0915 Kim Way,Indianapolis,Indiana,46254
Elizabeth Vogele,8568 Village Junction,New York City,New York,10249
Giulio Quartermain,75157 Burrows Terrace,San Bernardino,California,92424
Bryce Jeannequin,524 Lillian Terrace,Lancaster,Pennsylvania,17605
Rees Bulfit,5509 Golden Leaf Crossing,Raleigh,North Carolina,27626
Jojo Archard,66019 Forest Dale Junction,Mobile,Alabama,36622
Cymbre Butterwick,84039 Heffernan Junction,Washington,District of Columbia,20456
Sawyere Attaway,15572 Ludington Park,Rochester,New York,14609
Isidora Zohrer,141 Pleasure Parkway,Charlotte,North Carolina,28299
Hyacinth Yanyshev,60 Huxley Terrace,Paterson,New Jersey,7544
Elwood Gilpillan,9505 Ramsey Trail,New York City,New York,10079
Fax O'Reilly,16 Northfield Alley,New Orleans,Louisiana,70187
Calhoun Tunnadine,2 North Alley,Detroit,Michigan,48217
Chris Barthelmes,9839 Havey Terrace,Naperville,Illinois,60567
Isidro Loveridge,9248 Memorial Place,Spartanburg,South Carolina,29305
Florrie Scrooby,6 Johnson Drive,Fort Lauderdale,Florida,33305
Frasco Mingay,41113 Bunker Hill Trail,Lansing,Michigan,48901
Chrissy Boyland,6 Manley Hill,San Jose,California,95173
Clarie Barok,53741 Judy Road,El Paso,Texas,79928
Vonnie Stockey,203 Waubesa Park,Asheville,North Carolina,28805
Marcellina Benitez,1 Stang Lane,Fort Lauderdale,Florida,33305
Deloria Greenshields,039 Caliangt Place,Valley Forge,Pennsylvania,19495
Aubree Dallon,6 Linden Circle,Racine,Wisconsin,53405
Iosep Cometto,41 Lunder Circle,Atlanta,Georgia,31190
Sonnnie Veeler,075 Rowland Alley,Houston,Texas,77218
Shaun Velez,74 Logan Parkway,Arlington,Texas,76011
Angel Dunklee,4 Rieder Avenue,Boise,Idaho,83732
Kendell Dietzler,386 Bunting Place,Torrance,California,90505
Ibbie Gooda,60 Oak Valley Lane,Inglewood,California,90305
Timothy Dalling,232 American Ash Lane,Pueblo,Colorado,81015
Seth Roxby,975 Moulton Road,Greensboro,North Carolina,27455
Rosemary Armatys,28 Maple Wood Park,New York City,New York,10024
Lars Wantling,959 Cottonwood Park,White Plains,New York,10633
Dewie Battye,51 Katie Parkway,Pittsburgh,Pennsylvania,15230
Monika Cowper,99 Graceland Alley,Boca Raton,Florida,33487
Renie Ruprich,911 Blackbird Crossing,Galveston,Texas,77554
Chic Ingold,2 Badeau Alley,Springfield,Illinois,62705
Ruth Cino,607 Fulton Court,Miami,Florida,33153
Lora Hupe,25148 Ilene Alley,Denver,Colorado,80255
Shandie Jovicic,0905 Victoria Hill,Decatur,Georgia,30089
Cheri Parfrey,3799 Surrey Place,Lansing,Michigan,48930
Riobard Crielly,2060 6th Drive,Tucson,Arizona,85710
Pavel Windmill,11 Atwood Circle,Sioux Falls,South Dakota,57105
Jemmy Sylvaine,81501 Elgar Circle,Silver Spring,Maryland,20918
Albina Van Dale,9237 Porter Center,Corpus Christi,Texas,78475
Cahra Corday,5 Dakota Junction,Memphis,Tennessee,38188
Toby MacArd,8117 Jenifer Junction,Tucson,Arizona,85737
Mata Gossling,1 Debs Place,Evansville,Indiana,47712
Gilly Wilshaw,8575 Riverside Pass,Santa Clara,California,95054
Rayner Cannaway,39 Bluestem Hill,Bronx,New York,10474
Candy Betton,52 Barby Park,Youngstown,Ohio,44511
Base Kennford,5 Mallory Street,Mobile,Alabama,36670
Devlin Corsan,97 Esker Place,New Orleans,Louisiana,70142
Hank Whitham,01573 Dexter Way,New York City,New York,10270
Roseanne Ewestace,68018 Grover Hill,West Palm Beach,Florida,33421
Ingram Comber,1119 Algoma Point,San Antonio,Texas,78240
Vivian Jencey,7 Brickson Park Place,Las Vegas,Nevada,89115
Glenden Snare,9 Gina Center,Memphis,Tennessee,38188
Ashley Siburn,946 Amoth Place,San Jose,California,95155
Riordan Donahue,29455 Namekagon Drive,Philadelphia,Pennsylvania,19151
Melania Skoughman,354 Buhler Drive,Houston,Texas,77293
Burlie Osgerby,8 Roxbury Point,Elmira,New York,14905
Coralyn Mothersole,35 Mcbride Pass,Atlanta,Georgia,30358
Brigit Aleveque,1397 Cascade Point,Tacoma,Washington,98417
Matty Whales,2 Mockingbird Drive,Watertown,Massachusetts,2472
Pam Todaro,2 Goodland Circle,Fort Lauderdale,Florida,33315
Daniel Bradane,6585 Havey Parkway,San Jose,California,95160
Cristabel Matheson,2 Anzinger Drive,Virginia Beach,Virginia,23464
Sandra Henbury,6837 Pankratz Plaza,Lubbock,Texas,79491
Darcie Yushankin,1090 Nancy Crossing,Cedar Rapids,Iowa,52410
Guenna Treslove,607 Del Mar Park,Las Vegas,Nevada,89115
Valaree Stivens,0 Homewood Road,San Antonio,Texas,78205
Victoria Risebarer,22151 Lakewood Pass,Fresno,California,93726
Debbi Kalinsky,114 Wayridge Road,Dayton,Ohio,45432
Barclay Brace,36 Valley Edge Court,Omaha,Nebraska,68144
Daune Stanhope,99 Jay Drive,Houston,Texas,77065
Tull Treacher,65176 Arizona Pass,Roanoke,Virginia,24040
Cirstoforo Goodey,023 Bayside Park,Garland,Texas,75049
Ashia Pakeman,6 Victoria Park,Washington,District of Columbia,20591
Leif Wabersinke,0 Amoth Road,Norfolk,Virginia,23504
Ferdie Wyleman,93 Goodland Alley,Davenport,Iowa,52809
Olia Saunder,0 Mcbride Hill,Akron,Ohio,44393
Palm Baskett,711 Mesta Trail,Tampa,Florida,33605
Lorita Joynson,1264 Ridgeview Point,Amarillo,Texas,79165
Meyer Traut,0 Heath Park,Birmingham,Alabama,35210
Zackariah Francesconi,33 Portage Junction,Kansas City,Missouri,64125
Donovan Moreman,34 Texas Plaza,Philadelphia,Pennsylvania,19141
Alidia Thebes,0021 Crownhardt Center,Greenville,South Carolina,29610
Alica Dessant,1 Thompson Road,White Plains,New York,10606
Berkie Beston,2303 Morning Center,Carson City,Nevada,89706
Patric Yakunikov,4 Troy Trail,Jefferson City,Missouri,65105
Blinnie Spellar,9277 Eastwood Park,Salt Lake City,Utah,84125
Ronni Boyson,12 Northfield Parkway,Arvada,Colorado,80005
Silvan Gabbatiss,2666 Armistice Parkway,Palmdale,California,93591
Caritta Ianinotti,61941 Grasskamp Court,Chicago,Illinois,60657
Lorena Taylour,6845 Memorial Court,Santa Ana,California,92725
Damian Biermatowicz,63902 Spenser Point,Portland,Maine,4109
Amelia Padginton,61818 Park Meadow Lane,Pensacola,Florida,32575
Thorstein Lyal,4696 Claremont Plaza,Evansville,Indiana,47737
Rowland Bartoszek,3 Veith Hill,Macon,Georgia,31217
Nadeen Rabbe,425 Dovetail Court,Garden Grove,California,92844
Gusella Drinkale,16190 Manley Way,Huntington Beach,California,92648
Alfy Quenby,6765 Oak Hill,San Francisco,California,94147
Torrin Bealton,2187 Forest Way,San Diego,California,92191
Yorker Fechnie,67091 Boyd Lane,Fort Lauderdale,Florida,33355
Ree Vaneschi,17155 Warrior Point,Huntsville,Alabama,35895
Shepherd Ruslen,84382 Express Terrace,Asheville,North Carolina,28805
Claiborn Mottershaw,854 Comanche Park,Lake Worth,Florida,33462
Lissa Ivanets,8 Hanson Court,Sacramento,California,95823
Kendrick Wathell,44638 Ryan Road,Indianapolis,Indiana,46239
Pacorro Gerardi,5449 Eagle Crest Hill,Orlando,Florida,32891
Trever Logsdail,2 Namekagon Road,Syracuse,New York,13210
Zacharia Pounsett,4853 Hudson Lane,Los Angeles,California,90005
Bald Iacovozzo,214 Anderson Terrace,Los Angeles,California,90094
Shepherd Bliven,38329 Bartelt Junction,Manchester,New Hampshire,3105
Sigfried Oxshott,20556 Anthes Trail,Lakeland,Florida,33805
Serena Leadston,5 Loomis Avenue,Tampa,Florida,33647
Winona Feldmark,30 Shoshone Court,North Las Vegas,Nevada,89036
Lana Care,282 Nancy Place,San Jose,California,95123
Mora Danbury,83652 Meadow Vale Circle,Saint Paul,Minnesota,55146
Marcello Stennet,12 Hovde Way,Topeka,Kansas,66699
Diannne Togwell,16 Everett Point,Washington,District of Columbia,20370
Phelia Dunseith,3 Brickson Park Trail,White Plains,New York,10606
Herve Gooden,89362 Anthes Terrace,Daytona Beach,Florida,32118
Carlie Cassels,6 Gulseth Point,Birmingham,Alabama,35236
Karyl Noli,28 Katie Court,Evansville,Indiana,47747
Mahmud Leafe,6 Oxford Street,Omaha,Nebraska,68124
Felicia Searson,758 Ridge Oak Trail,Washington,District of Columbia,20268
Madella Warrener,08 Westridge Center,Fairfield,Connecticut,6825
Marillin Diem,492 Warrior Alley,Los Angeles,California,90045
Sammie Smoote,8 Melody Circle,Washington,District of Columbia,20540
Tommie Varns,6 Old Shore Junction,Denver,Colorado,80291
Olivier Vasyushkhin,5175 Pankratz Parkway,Flint,Michigan,48555
Darcy Downey,3 7th Trail,Salt Lake City,Utah,84145
Sarene Lehrer,750 Portage Center,Springfield,Virginia,22156
Rozanna Yarr,78348 Mifflin Circle,Fredericksburg,Virginia,22405
Adara Swiers,8 Evergreen Place,Burbank,California,91520
Hoyt Segeswoeth,79621 Stuart Road,Pompano Beach,Florida,33069
Eada McCreath,88191 Drewry Road,Columbia,South Carolina,29240
Horten Robbie,88565 Namekagon Crossing,Wichita,Kansas,67260
Clifford Nanetti,23 Del Sol Point,Punta Gorda,Florida,33982
Nonnah Tythe,380 Forest Plaza,Rochester,New York,14619
Benton Gianettini,584 Waxwing Terrace,Great Neck,New York,11024
Matias Largan,7133 Buell Court,Stamford,Connecticut,6922
Karlik Sarjeant,3168 Hansons Way,Young America,Minnesota,55573
Timofei Clue,97486 Trailsway Alley,Lubbock,Texas,79410
Tore Paddon,52 Lakewood Place,Santa Clara,California,95054
Elton Maskew,91146 Canary Trail,Scranton,Pennsylvania,18505
Ernest Gorler,5177 Old Shore Center,Sacramento,California,95833
Gay Killen,585 Golf Course Court,Berkeley,California,94705
Burlie McVity,6884 Mockingbird Way,Washington,District of Columbia,20099
Yardley Godon,060 Mandrake Circle,Oakland,California,94616
Sabina Doxsey,0047 Johnson Plaza,Bronx,New York,10464
Ferdinanda MacCaffrey,52620 Truax Alley,Washington,District of Columbia,20310
Donaugh Geard,6221 Arizona Drive,Las Vegas,Nevada,89120
Robin Seppey,540 Maywood Street,Miami,Florida,33153
D'arcy Yaldren,66 Old Gate Pass,Washington,District of Columbia,20099
Clerissa Harbor,6931 Ridgeview Hill,Montgomery,Alabama,36114
Silvana Doding,715 Clemons Street,Sacramento,California,95894
Charlena Titheridge,40 Clarendon Trail,Sparks,Nevada,89436
Glendon Brindle,1745 Forster Junction,Phoenix,Arizona,85010
Delcina Buyers,6 Moulton Place,Los Angeles,California,90076
Krystalle Brooks,9077 Montana Trail,Greenville,South Carolina,29610
Dotti Lombardo,098 Hallows Court,Dayton,Ohio,45490
Dacey Yakushkev,0852 Donald Drive,Miami,Florida,33245
Normy Roubeix,61 Northridge Drive,Portland,Oregon,97229
Farrand Khomin,78 Farwell Place,Saint Louis,Missouri,63104
Clemens Pollack,36496 Crownhardt Point,Charlotte,North Carolina,28284
Abagael Virr,77715 Golf Drive,Brooklyn,New York,11205
Wade Bodill,44417 Oakridge Plaza,El Paso,Texas,79945
Pegeen Cawkwell,93055 Norway Maple Circle,Denver,Colorado,80249
Linus Neles,770 Kingsford Place,Fort Lauderdale,Florida,33325
Leonid Faulks,8 Del Mar Junction,Santa Fe,New Mexico,87592
Valina Gammie,7 Golden Leaf Way,Fort Wayne,Indiana,46862
Ivar Byng,086 Reinke Alley,Saint Louis,Missouri,63158
Kassie McKay,9192 Fallview Drive,Vero Beach,Florida,32964
Clayborn Halliburton,68647 Towne Avenue,Sacramento,California,94273
